employee_id,first_name,last_name,email,phone_number,department_id,salary
1,Tiertza,Donahue,tdonahue0@tuttocitta.it,861-895-1639,07,91737
2,Teriann,Skamal,tskamal1@gizmodo.com,760-582-9097,04,142057
3,Lavina,Huglin,lhuglin2@ox.ac.uk,903-364-7233,02,95506
4,Monti,Thaw,mthaw3@nytimes.com,442-146-8112,01,70136
5,Birch,Lamperd,blamperd4@cam.ac.uk,342-405-5920,06,103970
6,Mayor,Clingan,mclingan5@feedburner.com,789-743-9312,04,99672
7,Magdalene,Unthank,munthank6@wp.com,842-492-0826,07,115395
8,Brnaby,McKinlay,bmckinlay7@abc.net.au,937-165-1135,03,105337
9,Ardenia,Sailor,asailor8@hubpages.com,921-539-6568,01,40721
10,Barrie,Tacey,btacey9@hatena.ne.jp,812-335-1985,02,138821
11,Natka,Magrannell,nmagrannella@cam.ac.uk,421-706-6240,01,129466
12,Marti,Barnfather,mbarnfatherb@prweb.com,637-937-4546,04,57652
13,Alexandr,Hayselden,ahayseldenc@psu.edu,755-271-0005,02,58421
14,Melosa,Coxwell,mcoxwelld@howstuffworks.com,167-329-8615,01,84061
15,Baird,Hellier,bhelliere@nationalgeographic.com,792-291-4006,03,51833
16,Thom,Bangle,tbanglef@bloglovin.com,917-629-0952,05,135725
17,Prentice,Tookill,ptookillg@discovery.com,824-795-9508,04,114089
18,Bryce,Shimmings,bshimmingsh@mediafire.com,221-931-4401,03,114350
19,Ondrea,Thunders,othundersi@ihg.com,545-908-1263,07,91031
20,Avril,Branthwaite,abranthwaitej@indiatimes.com,929-695-3858,06,51853
21,Morgan,Shilton,mshiltonk@xrea.com,724-590-7527,02,109457
22,Read,Torpie,rtorpiel@archive.org,375-271-1240,01,147762
23,Sheri,Latta,slattam@prnewswire.com,447-270-6145,01,75455
24,Alexi,Bruce,abrucen@go.com,752-881-2474,04,57550
25,Theodora,Housby,thousbyo@nymag.com,333-115-6143,01,55490
26,Mariana,Copnall,mcopnallp@mlb.com,191-537-6341,01,68516
27,Harcourt,Satterly,hsatterlyq@bing.com,157-217-2506,03,112888
28,Averil,Perrett,aperrettr@walmart.com,564-895-5376,01,132954
29,Coleman,Edmonstone,cedmonstones@people.com.cn,632-587-7105,02,88451
30,Laurens,Crumbie,lcrumbiet@mashable.com,473-903-0076,01,47324
31,Joline,Farra,jfarrau@boston.com,804-628-4525,02,89780
32,Norene,Brosel,nbroselv@shinystat.com,521-390-0203,06,148946
33,Johnathan,Ketts,jkettsw@scribd.com,287-797-7486,02,49930
34,Channa,Gelling,cgellingx@eepurl.com,406-206-1353,03,114651
35,Liv,Rablen,lrableny@deliciousdays.com,893-989-0327,04,52405
36,Catriona,Hiley,chileyz@list-manage.com,957-868-9526,07,62799
37,Shep,Gimson,sgimson10@sphinn.com,869-566-3383,02,110128
38,Dacie,Hamprecht,dhamprecht11@artisteer.com,736-691-0424,03,94939
39,Killy,Chittenden,kchittenden12@bbc.co.uk,579-526-2629,01,127909
40,Perri,Sunock,psunock13@cbslocal.com,746-791-4486,05,106747
41,Dalila,Gascoigne,dgascoigne14@ycombinator.com,969-891-3064,01,69648
42,Lorenza,Aplin,laplin15@spiegel.de,285-696-3331,02,143980
43,Odelle,Mattiassi,omattiassi16@clickbank.net,855-624-9120,03,47148
44,Janel,Barsam,jbarsam17@skyrock.com,658-251-9098,05,146856
45,Lari,Tue,ltue18@fema.gov,108-976-6400,05,30687
46,Brooks,Normavill,bnormavill19@istockphoto.com,981-499-2754,01,49638
47,Sharona,Ainsby,sainsby1a@cnet.com,627-557-9278,03,75868
48,Roxy,Maughan,rmaughan1b@hatena.ne.jp,885-503-6785,01,137252
49,Evelyn,Bottleson,ebottleson1c@nih.gov,824-534-4950,07,36031
50,Steward,Birnie,sbirnie1d@sogou.com,847-794-9617,01,77647
51,Danny,Atrill,datrill1e@php.net,524-318-8373,01,78851
52,Barri,Shovel,bshovel1f@1688.com,235-156-9138,07,87549
53,Terrie,Fellon,tfellon1g@comsenz.com,102-400-8445,03,63863
54,Ignaz,Ogley,iogley1h@ted.com,643-323-1234,01,42497
55,Arlie,Hacon,ahacon1i@icq.com,884-743-5903,01,117131
56,Cristal,Paton,cpaton1j@symantec.com,500-912-4772,01,117017
57,Romeo,Janaszewski,rjanaszewski1k@marriott.com,359-778-4682,07,70109
58,Egbert,Froment,efroment1l@disqus.com,125-192-3746,02,37941
59,Harlan,Fitzsimmons,hfitzsimmons1m@pbs.org,288-182-9972,03,41005
60,Cyndia,Sawden,csawden1n@columbia.edu,727-816-3656,06,45159
61,Opal,Brownill,obrownill1o@geocities.com,743-279-9031,01,75754
62,Glenn,Eskell,geskell1p@mysql.com,814-954-6087,07,49925
63,Calla,Quested,cquested1q@pbs.org,217-297-7334,06,32312
64,Gillan,Gregon,ggregon1r@google.com.hk,161-210-6035,06,67835
65,Darren,Cartlidge,dcartlidge1s@lulu.com,541-408-3408,07,116516
66,Joela,MacTrustram,jmactrustram1t@about.me,351-969-2159,01,88623
67,Kattie,Kemsley,kkemsley1u@prlog.org,496-357-2370,05,58042
68,Lorens,Gerrit,lgerrit1v@jimdo.com,945-536-5045,04,57751
69,Ker,Collar,kcollar1w@paginegialle.it,188-384-2433,03,90864
70,Alric,McCuthais,amccuthais1x@imdb.com,852-247-4303,05,148494
71,Tim,Shawel,tshawel1y@free.fr,926-378-2985,03,79723
72,Aloise,McEniry,amceniry1z@quantcast.com,562-494-2534,07,62581
73,Trixy,Ditchburn,tditchburn20@symantec.com,892-805-2393,07,37563
74,Louisette,Middle,lmiddle21@t-online.de,473-556-5433,01,30916
75,Gris,Geharke,ggeharke22@reference.com,645-260-1682,06,115680
76,Alisa,Nuccii,anuccii23@cdc.gov,552-577-5541,02,133222
77,Parry,Mackilpatrick,pmackilpatrick24@theglobeandmail.com,351-590-8726,06,128730
78,Elaina,Inott,einott25@harvard.edu,702-922-1174,02,108846
79,Shaughn,Flaunier,sflaunier26@blog.com,737-148-0560,03,91866
80,Tish,Oseman,toseman27@1und1.de,257-991-8007,05,71779
81,Eleonora,Pozzi,epozzi28@newyorker.com,571-435-6652,07,147956
82,Fitz,Terry,fterry29@geocities.com,239-684-1515,03,128603
83,Estell,St Clair,estclair2a@t.co,966-643-1485,07,114706
84,Erminia,Kuzemka,ekuzemka2b@forbes.com,357-531-1245,03,79433
85,Marissa,McGuigan,mmcguigan2c@unc.edu,775-887-5462,03,55872
86,Kara,Lehrmann,klehrmann2d@sourceforge.net,165-745-6731,05,33978
87,Antonetta,Aubri,aaubri2e@sitemeter.com,211-200-8624,05,139740
88,Mag,Gligoraci,mgligoraci2f@army.mil,340-212-3940,03,136167
89,Ancell,Estrella,aestrella2g@who.int,375-866-3526,07,140734
90,Sadella,Ivanisov,sivanisov2h@ovh.net,383-129-0468,07,132515
91,Robin,Jovey,rjovey2i@plala.or.jp,884-175-5267,06,146431
92,Glen,Clackers,gclackers2j@state.gov,609-431-2640,07,99815
93,Mari,Whiting,mwhiting2k@sciencedirect.com,131-678-6748,06,94809
94,Kinnie,Simants,ksimants2l@mediafire.com,357-821-8764,02,129477
95,Carce,McWilliams,cmcwilliams2m@about.com,452-954-8681,03,98427
96,Denyse,Pyrah,dpyrah2n@macromedia.com,827-898-5245,02,128895
97,Sid,Bull,sbull2o@dedecms.com,984-885-7482,06,95705
98,Samantha,Batterson,sbatterson2p@auda.org.au,316-327-3605,07,135719
99,Giuditta,Davidovics,gdavidovics2q@theglobeandmail.com,337-626-2022,05,51582
100,Gwyneth,Beacock,gbeacock2r@thetimes.co.uk,771-292-4146,05,112837
101,Mommy,Barnham,mbarnham2s@free.fr,202-126-7611,06,55670
102,Windham,Lindemann,wlindemann2t@zdnet.com,514-383-5427,02,78656
103,Avram,Looker,alooker2u@spiegel.de,657-841-5117,04,82165
104,Liv,Housley,lhousley2v@friendfeed.com,396-154-9968,04,112824
105,Juieta,Callingham,jcallingham2w@amazon.com,248-685-0176,02,123595
106,Sylvia,Forbear,sforbear2x@sitemeter.com,937-821-9657,05,36906
107,Lenci,Mountlow,lmountlow2y@w3.org,762-378-1993,07,56365
108,Arch,McMickan,amcmickan2z@histats.com,718-502-9385,06,31473
109,Debera,Jovicic,djovicic30@si.edu,143-638-8226,03,55236
110,Emory,Edinburgh,eedinburgh31@feedburner.com,282-187-7420,07,32740
111,Brana,Craggs,bcraggs32@last.fm,251-465-8403,04,93829
112,Cornelle,Tenwick,ctenwick33@arstechnica.com,174-969-0516,05,70814
113,Dona,Glayzer,dglayzer34@instagram.com,895-856-6644,03,75738
114,Mendel,Barrow,mbarrow35@cdc.gov,344-322-2484,06,79492
115,Kristel,Ferens,kferens36@shareasale.com,166-869-4570,03,146539
116,Klara,Molineux,kmolineux37@timesonline.co.uk,639-549-0746,07,64739
117,Benedicta,Olliver,bolliver38@scientificamerican.com,290-224-8888,06,72165
118,Zulema,Tregidga,ztregidga39@ameblo.jp,347-363-6903,03,44427
119,Masha,Spratley,mspratley3a@reverbnation.com,864-131-1328,02,36008
120,Jethro,Rogez,jrogez3b@ox.ac.uk,828-466-9472,07,132581
121,Cecelia,Crow,ccrow3c@posterous.com,144-524-7594,02,123213
122,Giordano,Scarr,gscarr3d@shutterfly.com,284-958-1057,02,114058
123,Lu,Morrilly,lmorrilly3e@geocities.com,207-504-3645,02,140033
124,Gael,Bowley,gbowley3f@yahoo.com,117-892-5646,02,66213
125,Juditha,McKerley,jmckerley3g@zimbio.com,948-352-6712,01,98648
126,Pooh,Allday,pallday3h@skyrock.com,837-399-3990,04,87816
127,Richardo,Bichener,rbichener3i@cmu.edu,393-493-9820,06,94295
128,Cary,McIlwain,cmcilwain3j@gizmodo.com,341-457-9650,07,98184
129,Davidde,Baniard,dbaniard3k@ftc.gov,424-827-4396,05,99924
130,Kaylee,Boylin,kboylin3l@npr.org,548-904-4429,01,142151
131,Becki,Fudge,bfudge3m@blogspot.com,644-273-3286,04,108220
132,Kellby,Goozee,kgoozee3n@fastcompany.com,656-554-7938,04,52982
133,Kaitlyn,Zoren,kzoren3o@cmu.edu,840-179-9255,06,78492
134,Janaya,Grishakov,jgrishakov3p@dell.com,175-236-2929,03,145873
135,Hermann,Haville,hhaville3q@tumblr.com,249-834-2231,02,129791
136,Susana,Scarsbrook,sscarsbrook3r@addtoany.com,173-557-6831,07,31688
137,Phaedra,Putnam,pputnam3s@theguardian.com,359-645-6961,02,142859
138,Barnett,Missen,bmissen3t@huffingtonpost.com,658-398-4127,02,71628
139,Briggs,Ferrer,bferrer3u@shutterfly.com,326-117-4117,05,109407
140,Hilde,Bretton,hbretton3v@surveymonkey.com,762-685-6973,07,105095
141,Vanda,Hanalan,vhanalan3w@cbc.ca,530-165-3540,04,76263
142,Maurene,Skeats,mskeats3x@japanpost.jp,239-814-9283,01,140697
143,Dirk,Elvey,delvey3y@cdbaby.com,798-205-8729,02,101839
144,Doroteya,Burgne,dburgne3z@reverbnation.com,294-693-4502,06,120845
145,Niki,Gallant,ngallant40@woothemes.com,387-873-7524,06,116143
146,Napoleon,Ellerton,nellerton41@stumbleupon.com,284-621-8501,01,50548
147,Andie,Melia,amelia42@cloudflare.com,566-707-9228,05,108820
148,Michelina,Deakins,mdeakins43@delicious.com,548-951-0636,06,140814
149,Julia,Moscon,jmoscon44@paypal.com,367-618-8585,01,139988
150,Brit,Billes,bbilles45@bigcartel.com,381-948-0879,01,93313
151,Dagny,Boumphrey,dboumphrey46@is.gd,950-908-7251,01,142154
152,Shel,Neighbour,sneighbour47@paypal.com,203-624-1872,04,138104
153,Geno,Crabtree,gcrabtree48@bluehost.com,709-346-9646,07,50720
154,Carmelle,Pridden,cpridden49@chronoengine.com,567-997-0261,05,86020
155,Missy,Rayer,mrayer4a@google.es,701-907-6927,05,31235
156,Lance,Dunbobin,ldunbobin4b@slideshare.net,992-986-8991,03,62107
157,Dennie,Ducker,dducker4c@friendfeed.com,274-764-0618,06,89943
158,Tomlin,Maslen,tmaslen4d@amazon.com,311-118-3065,01,129708
159,Kathrine,Thomelin,kthomelin4e@macromedia.com,737-275-5952,06,78529
160,Drusi,Fishby,dfishby4f@drupal.org,761-381-8966,04,144518
161,Ferrell,Scottrell,fscottrell4g@sogou.com,417-618-6417,07,143817
162,Randolph,Rapelli,rrapelli4h@epa.gov,786-784-0120,02,44958
163,Waylon,Espinola,wespinola4i@examiner.com,134-583-8533,06,125605
164,Fredericka,Blesdill,fblesdill4j@illinois.edu,671-896-3628,02,119963
165,Paloma,Coole,pcoole4k@netvibes.com,639-104-6504,01,132529
166,Doe,Devericks,ddevericks4l@edublogs.org,882-700-5762,05,62316
167,Claudius,Lavender,clavender4m@imdb.com,908-660-7454,03,30182
168,Jeanelle,Prichet,jprichet4n@msu.edu,801-867-6769,04,147291
169,Shane,Chubb,schubb4o@tumblr.com,880-348-3246,03,92698
170,Nonna,Voaden,nvoaden4p@altervista.org,139-327-0043,06,94255
171,Leda,Gomby,lgomby4q@wisc.edu,862-435-1147,04,41029
172,Federico,Bilt,fbilt4r@washington.edu,856-422-7886,03,55377
173,Gae,Keasley,gkeasley4s@hugedomains.com,228-804-8079,01,52755
174,Cornela,MacCollom,cmaccollom4t@google.com,405-115-3053,02,144651
175,Dillon,Zoellner,dzoellner4u@example.com,490-715-6248,06,110892
176,Harper,Stannas,hstannas4v@webnode.com,455-914-9124,05,102615
177,Kirk,Kasting,kkasting4w@google.ru,213-485-6555,07,98189
178,Bride,Philippeaux,bphilippeaux4x@nydailynews.com,515-952-7830,04,53281
179,Kearney,Surmeyers,ksurmeyers4y@slate.com,469-310-6846,04,51652
180,Falkner,Cumo,fcumo4z@wufoo.com,814-884-5445,04,124023
181,Ferne,Oran,foran50@miibeian.gov.cn,949-673-6187,05,76510
182,Orson,Kid,okid51@ustream.tv,333-763-4415,02,64143
183,Annette,Musk,amusk52@wikia.com,935-889-9235,02,92247
184,Cicily,Salvador,csalvador53@wunderground.com,132-447-6439,02,78469
185,Kirk,Dafydd,kdafydd54@cargocollective.com,721-374-1290,04,76658
186,Burke,Battersby,bbattersby55@163.com,476-138-9501,06,60207
187,Madison,Nineham,mnineham56@nsw.gov.au,751-366-7907,06,75764
188,Jerri,Buckston,jbuckston57@nyu.edu,110-495-1592,06,74637
189,Clio,Ledwidge,cledwidge58@purevolume.com,710-827-6717,04,84484
190,Fanchette,Berdale,fberdale59@squarespace.com,691-419-5302,06,98356
191,Marlow,Hanes,mhanes5a@newsvine.com,449-848-0875,06,43291
192,Corabel,Dri,cdri5b@xing.com,749-371-3026,05,109621
193,Ansel,Sellors,asellors5c@youku.com,931-999-3204,03,51700
194,Hyatt,McMeyler,hmcmeyler5d@symantec.com,695-649-5618,03,111929
195,Jenni,Deviney,jdeviney5e@illinois.edu,211-383-4758,04,48155
196,Cissiee,Woodlands,cwoodlands5f@netvibes.com,150-569-4873,02,53489
197,Jermayne,Hugh,jhugh5g@slashdot.org,799-780-9303,03,99012
198,Olympe,Pearcey,opearcey5h@tuttocitta.it,255-868-1451,06,61875
199,Panchito,Lehrer,plehrer5i@odnoklassniki.ru,643-376-6641,07,136108
200,Lu,Hillum,lhillum5j@pinterest.com,505-188-2195,04,38039
201,Adolph,Shingfield,ashingfield5k@github.com,878-158-7013,01,78327
202,Francesca,Blemen,fblemen5l@twitpic.com,184-843-5751,02,33355
203,Arabela,McCarty,amccarty5m@hugedomains.com,314-318-6398,07,134164
204,Janeva,Priest,jpriest5n@com.com,715-820-5923,04,39603
205,Kent,Keming,kkeming5o@fc2.com,428-565-7326,03,102287
206,Adena,Paley,apaley5p@usda.gov,931-931-4795,06,122938
207,Rickey,Hurles,rhurles5q@github.com,889-960-9536,04,66394
208,Brooks,Dassindale,bdassindale5r@sciencedaily.com,135-347-7846,04,52776
209,Alphard,Lidell,alidell5s@utexas.edu,554-213-8591,03,82087
210,Ford,Papez,fpapez5t@github.io,109-636-8492,06,136592
211,Shurwood,Chanson,schanson5u@patch.com,934-101-8577,05,140455
212,Marillin,Duly,mduly5v@tmall.com,216-779-5410,02,143382
213,Harvey,Ferschke,hferschke5w@theguardian.com,350-512-0486,05,99415
214,Amaleta,Goodwill,agoodwill5x@bloglovin.com,714-206-9219,01,85590
215,Bibi,Northey,bnorthey5y@cnn.com,335-963-0124,02,73308
216,Homere,Colbron,hcolbron5z@free.fr,455-641-3618,01,135859
217,Emlen,McGarrity,emcgarrity60@meetup.com,475-795-9006,06,128617
218,De,Battelle,dbattelle61@elegantthemes.com,202-501-9161,02,31497
219,Heall,Waszczykowski,hwaszczykowski62@lulu.com,822-826-1246,05,106036
220,Donalt,Larsen,dlarsen63@newsvine.com,115-149-8011,05,116554
221,Cody,Oakton,coakton64@sourceforge.net,116-899-3381,06,98049
222,Clarance,Boocock,cboocock65@topsy.com,811-460-9418,01,78001
223,Cornell,Abrahim,cabrahim66@nhs.uk,207-608-8261,04,30453
224,Gabie,Loiterton,gloiterton67@gmpg.org,159-709-1883,05,47561
225,Saunder,Steen,ssteen68@archive.org,754-845-7436,07,54589
226,Greta,Josefovic,gjosefovic69@nymag.com,882-533-0792,06,100037
227,Florina,McKinnon,fmckinnon6a@hibu.com,769-292-8560,05,118542
228,Andee,Say,asay6b@xinhuanet.com,887-645-5726,06,81554
229,Merrill,Snadden,msnadden6c@arstechnica.com,938-775-8740,06,136847
230,Reiko,Laborda,rlaborda6d@jimdo.com,828-881-2493,07,53733
231,Willi,Dykes,wdykes6e@sbwire.com,316-117-7922,02,77186
232,Peterus,Kock,pkock6f@discovery.com,275-876-4212,04,81297
233,Parke,Skynner,pskynner6g@youtu.be,286-519-2859,06,50009
234,Kassandra,Gavrielly,kgavrielly6h@desdev.cn,751-905-0351,07,90343
235,Cordelia,Botley,cbotley6i@sphinn.com,663-288-0152,03,54023
236,Clim,Knock,cknock6j@army.mil,467-588-9534,02,70227
237,Darnall,Rubinovici,drubinovici6k@google.nl,425-436-5552,01,61385
238,Clay,Cornborough,ccornborough6l@mapy.cz,193-420-7127,06,122845
239,Benedicta,Norcutt,bnorcutt6m@google.ca,385-461-9112,05,119561
240,Reamonn,Gowanlock,rgowanlock6n@linkedin.com,874-430-1638,03,111535
241,Tyrone,Copins,tcopins6o@t.co,399-273-4802,04,102890
242,Sansone,Bogue,sbogue6p@imgur.com,844-666-3435,07,57401
243,Dukie,Shovel,dshovel6q@hp.com,675-691-2315,05,51439
244,Artus,Blowfelde,ablowfelde6r@vistaprint.com,507-749-3983,02,73489
245,Dawn,Moxon,dmoxon6s@goo.gl,867-172-9043,05,63175
246,Reginauld,Chevin,rchevin6t@purevolume.com,832-256-2382,02,65203
247,Marshal,Meert,mmeert6u@artisteer.com,715-738-3683,04,85420
248,Ashbey,Puncher,apuncher6v@theatlantic.com,718-725-2001,05,39132
249,Elena,Itzkovsky,eitzkovsky6w@sitemeter.com,318-288-3655,05,31370
250,Arlan,Gilbeart,agilbeart6x@issuu.com,946-997-0859,03,30329
251,Alysia,McEvay,amcevay6y@technorati.com,889-927-2551,05,131930
252,Kristan,Kivits,kkivits6z@slideshare.net,481-113-5947,03,103961
253,Ardelia,Morey,amorey70@live.com,371-276-4864,07,57059
254,Bobbi,Fardy,bfardy71@mail.ru,935-849-5524,04,134030
255,Giacobo,Rockhall,grockhall72@webmd.com,439-199-0407,02,47604
256,Germaine,Braddock,gbraddock73@people.com.cn,263-262-7210,04,67090
257,Sol,Childerhouse,schilderhouse74@nasa.gov,328-322-7188,04,134343
258,Janey,Oldcroft,joldcroft75@wisc.edu,696-272-6839,05,52885
259,Karisa,Yarnton,kyarnton76@techcrunch.com,450-454-5249,02,47621
260,Millicent,Sarre,msarre77@bloglines.com,401-643-1695,07,120586
261,Roman,Solon,rsolon78@acquirethisname.com,306-380-7592,02,110987
262,Reidar,O'Mohun,romohun79@phpbb.com,366-109-2889,03,108237
263,Theodor,McArdle,tmcardle7a@nps.gov,371-772-1289,02,61499
264,Kailey,Dodman,kdodman7b@cnbc.com,758-211-3517,05,65326
265,Bertha,Grinham,bgrinham7c@wufoo.com,175-277-1014,07,77744
266,Humbert,Quoit,hquoit7d@tumblr.com,183-232-1786,01,50009
267,Marlane,Struijs,mstruijs7e@lulu.com,246-123-7649,01,67771
268,Brandon,Underhill,bunderhill7f@nsw.gov.au,223-633-5772,04,95757
269,Aksel,Lightfoot,alightfoot7g@ovh.net,208-281-1530,01,95323
270,Collie,Basire,cbasire7h@ycombinator.com,524-629-3556,05,42026
271,Ben,Boutflour,bboutflour7i@narod.ru,497-822-3317,07,84010
272,Kilian,O'Bruen,kobruen7j@engadget.com,579-102-7143,04,107232
273,Dwight,O'Scollain,doscollain7k@t-online.de,305-837-1026,05,109373
274,Hedvige,Du Barry,hdubarry7l@china.com.cn,454-491-8906,02,34118
275,Reggi,Bloodworth,rbloodworth7m@gmpg.org,775-210-2218,01,144891
276,Katrine,Scripps,kscripps7n@shutterfly.com,873-257-5758,07,122574
277,Baillie,Ciementini,bciementini7o@cornell.edu,825-267-1636,01,30422
278,Mada,Liston,mliston7p@telegraph.co.uk,875-905-0168,04,141102
279,Ignacius,Waberer,iwaberer7q@cbslocal.com,107-897-9965,07,101128
280,Sophie,Mellmoth,smellmoth7r@scientificamerican.com,156-357-4070,07,138521
281,Riobard,Alan,ralan7s@stanford.edu,326-540-1475,01,69507
282,Andonis,Warton,awarton7t@t-online.de,505-378-1302,06,72147
283,Chrissy,Emons,cemons7u@chicagotribune.com,597-405-5389,06,88121
284,Cliff,Aldwich,caldwich7v@mac.com,233-860-0140,04,49330
285,Brit,Cudby,bcudby7w@yahoo.co.jp,963-547-9869,07,148135
286,Allyce,Oldman,aoldman7x@constantcontact.com,837-812-6870,04,68059
287,Luce,Nicklin,lnicklin7y@nymag.com,934-711-6911,05,76641
288,Jermaine,Leary,jleary7z@timesonline.co.uk,990-966-1193,07,139614
289,Weidar,Tumpane,wtumpane80@php.net,325-344-7285,06,80065
290,Ludovico,Bramah,lbramah81@noaa.gov,110-759-3732,05,87134
291,Biddy,Deadman,bdeadman82@answers.com,494-923-1808,07,44080
292,Dulci,Rigts,drigts83@etsy.com,441-519-8553,06,69777
293,Isabeau,Dougal,idougal84@arizona.edu,450-394-8847,05,102656
294,Lindsay,Czajka,lczajka85@senate.gov,389-751-6231,05,94643
295,Darn,McVey,dmcvey86@sciencedaily.com,999-273-8362,03,33998
296,Trudey,Stocking,tstocking87@digg.com,465-109-3279,04,61652
297,Devin,Kinglake,dkinglake88@dyndns.org,806-562-4661,03,56396
298,Alexandra,MacDonnell,amacdonnell89@bluehost.com,555-859-0112,03,112610
299,Leilah,Bilton,lbilton8a@cornell.edu,347-986-1379,03,63139
300,Chip,Godbolt,cgodbolt8b@w3.org,985-492-5690,04,135956
301,Vallie,Clotworthy,vclotworthy8c@deviantart.com,918-469-9951,03,46799
302,Erwin,Leidl,eleidl8d@xrea.com,610-268-2844,07,115417
303,Reuben,Pietranek,rpietranek8e@webeden.co.uk,267-294-1819,02,107744
304,Tabbi,Tilly,ttilly8f@thetimes.co.uk,786-604-2748,03,131789
305,Virginie,Pegden,vpegden8g@digg.com,859-133-0790,02,97384
306,Salaidh,Matyushkin,smatyushkin8h@cbc.ca,447-785-4331,05,106892
307,Malchy,Aubry,maubry8i@mapquest.com,799-906-1999,05,68225
308,Annabal,Hullock,ahullock8j@behance.net,824-590-8443,06,90071
309,Minor,Morsom,mmorsom8k@cpanel.net,716-267-1808,07,75597
310,Shari,Landes,slandes8l@go.com,789-146-5302,02,48946
311,Terrel,Illing,tilling8m@bbb.org,978-721-7760,01,143684
312,Finley,Kingdom,fkingdom8n@tuttocitta.it,910-391-9877,04,91313
313,Con,Marshman,cmarshman8o@weibo.com,212-559-1771,01,130981
314,Ellery,Jackson,ejackson8p@phpbb.com,480-581-0491,06,96323
315,Lucina,Kaines,lkaines8q@usa.gov,450-683-8568,07,143578
316,Tabb,Woolland,twoolland8r@infoseek.co.jp,661-918-2889,02,92160
317,Elbertina,Culleton,eculleton8s@telegraph.co.uk,991-748-4828,02,96641
318,Sid,Sedman,ssedman8t@eepurl.com,801-397-8322,04,111550
319,Fredek,Ferrotti,fferrotti8u@youtube.com,431-511-6544,02,34761
320,Tommie,Egalton,tegalton8v@soup.io,418-947-0170,03,48717
321,Ambrosi,Playdon,aplaydon8w@homestead.com,683-336-2756,01,45898
322,Caye,Metcalfe,cmetcalfe8x@vkontakte.ru,805-712-5694,03,100887
323,Curtice,Upjohn,cupjohn8y@weibo.com,981-740-9105,05,108633
324,Tisha,Checchetelli,tchecchetelli8z@answers.com,631-167-3534,06,50939
325,King,Tattam,ktattam90@cyberchimps.com,317-533-7562,04,88440
326,Ester,Grivori,egrivori91@prnewswire.com,615-263-9806,05,68087
327,Hy,Whitehead,hwhitehead92@hao123.com,935-192-7024,01,41839
328,Neda,Verson,nverson93@de.vu,375-415-5641,01,147279
329,Humfried,Saintsbury,hsaintsbury94@bigcartel.com,814-282-3790,07,67491
330,Cyril,Towriss,ctowriss95@dyndns.org,169-587-6593,07,140484
331,Verna,Arlidge,varlidge96@t.co,586-305-4089,02,55899
332,Alford,Bailey,abailey97@simplemachines.org,649-661-8443,02,74156
333,Jo-anne,Culpen,jculpen98@abc.net.au,496-125-7519,07,32354
334,Salli,Bytheway,sbytheway99@gov.uk,903-906-2884,03,149746
335,Alyda,Orum,aorum9a@mashable.com,404-652-8023,02,50953
336,Rosemonde,Billam,rbillam9b@noaa.gov,536-364-2647,01,46994
337,Yance,Ettritch,yettritch9c@nsw.gov.au,302-359-9438,03,46889
338,Urban,Kryska,ukryska9d@tmall.com,824-368-3882,04,51089
339,Dallas,Astman,dastman9e@oracle.com,331-116-7759,03,126496
340,Billy,Clemoes,bclemoes9f@unc.edu,474-410-6187,01,40338
341,Sterling,Aikenhead,saikenhead9g@nifty.com,340-677-8644,04,116915
342,Leticia,Ollin,lollin9h@nbcnews.com,965-730-1590,01,51382
343,Madelaine,Brewitt,mbrewitt9i@techcrunch.com,921-171-8090,06,89518
344,Meta,Melia,mmelia9j@edublogs.org,849-673-9862,01,66048
345,Laurie,Avrahm,lavrahm9k@de.vu,116-758-8446,01,74599
346,Erastus,Ronaghan,eronaghan9l@elegantthemes.com,697-917-8314,03,46972
347,Mikol,MacCarter,mmaccarter9m@time.com,464-756-9826,03,41658
348,Ebba,Gligoraci,egligoraci9n@unblog.fr,928-538-9077,05,82090
349,Magdaia,Oxbie,moxbie9o@123-reg.co.uk,191-344-6025,05,106280
350,Olag,Russo,orusso9p@geocities.com,534-926-9165,06,40909
351,Weber,Quin,wquin9q@boston.com,639-504-4458,04,117045
352,Ermentrude,Surmeyers,esurmeyers9r@engadget.com,864-361-5276,06,101123
353,Gabe,Semour,gsemour9s@list-manage.com,948-295-8621,03,133147
354,Greer,Le Fleming,glefleming9t@qq.com,494-664-9637,02,75626
355,Leicester,Moyne,lmoyne9u@bluehost.com,316-206-7683,04,106794
356,Brock,Coronas,bcoronas9v@fastcompany.com,427-917-5002,06,95944
357,Maisey,Mann,mmann9w@miibeian.gov.cn,889-303-1734,05,30601
358,Darsey,Despenser,ddespenser9x@unblog.fr,867-108-9508,05,119920
359,Dillie,Claige,dclaige9y@sakura.ne.jp,450-933-1204,01,32454
360,Ulick,Muck,umuck9z@ifeng.com,543-582-0355,03,110177
361,Clemence,Leupold,cleupolda0@army.mil,894-449-3229,06,95826
362,Kliment,Delaprelle,kdelaprellea1@samsung.com,669-106-7883,02,72756
363,Irwinn,Greatreax,igreatreaxa2@odnoklassniki.ru,791-368-7960,01,120106
364,Gabe,Pottery,gpotterya3@vk.com,728-242-2964,05,59221
365,Thea,Shawyers,tshawyersa4@shop-pro.jp,541-289-1780,04,77149
366,Arluene,Dymocke,adymockea5@ask.com,651-490-6335,03,120097
367,Haily,Daice,hdaicea6@csmonitor.com,337-332-1681,04,99745
368,Corly,Andriuzzi,candriuzzia7@imgur.com,801-329-1515,05,131610
369,Milissent,Longwood,mlongwooda8@nbcnews.com,396-248-0613,07,103083
370,Christi,Hoppner,choppnera9@deviantart.com,975-279-0481,01,70450
371,Sari,Mennell,smennellaa@wunderground.com,158-272-0102,03,74540
372,Ellery,Dore,edoreab@merriam-webster.com,256-675-1746,06,135138
373,Kathryn,Lawlor,klawlorac@archive.org,351-528-4431,06,68505
374,Viv,Kroch,vkrochad@stumbleupon.com,243-365-3820,02,101766
375,Mathew,Goldsworthy,mgoldsworthyae@tripadvisor.com,839-998-1779,02,93189
376,Shep,Clay,sclayaf@upenn.edu,448-424-3840,04,93210
377,Dawna,Murphey,dmurpheyag@artisteer.com,124-636-1036,05,146167
378,Tania,Dobey,tdobeyah@bbb.org,348-906-1130,04,84894
379,Emelen,Rioch,eriochai@twitter.com,437-181-0375,03,126874
380,Matilda,Bulley,mbulleyaj@google.com,101-434-9862,05,90222
381,Patten,Dadd,pdaddak@ovh.net,149-243-3338,06,145472
382,Tarrance,Brookes,tbrookesal@ox.ac.uk,570-763-6096,07,107688
383,Clarita,Tuminini,ctumininiam@shareasale.com,267-163-0684,04,90718
384,Dosi,Stening,dsteningan@cbsnews.com,886-489-3670,02,107430
385,Boris,Terbrug,bterbrugao@t.co,554-681-9741,01,35387
386,Elnora,Coomer,ecoomerap@sina.com.cn,212-480-7452,03,97120
387,Madelon,Quigley,mquigleyaq@whitehouse.gov,714-336-3222,01,135359
388,Cart,McGarvie,cmcgarviear@tuttocitta.it,528-301-8587,04,99107
389,Caesar,Rudland,crudlandas@disqus.com,417-148-4328,05,33627
390,Lockwood,Imore,limoreat@independent.co.uk,494-693-0525,03,135840
391,Jackqueline,Kubera,jkuberaau@twitter.com,625-168-5793,05,61389
392,Albertina,Odgers,aodgersav@addthis.com,855-991-8615,01,91212
393,Rosamond,Mewis,rmewisaw@jalbum.net,808-524-0041,02,41289
394,Bryn,Galton,bgaltonax@domainmarket.com,174-619-4576,01,91060
395,Loella,Maymand,lmaymanday@ed.gov,122-710-6366,05,65301
396,Viviyan,Giovannini,vgiovanniniaz@hc360.com,716-818-8670,04,62649
397,Janel,Ketteman,jkettemanb0@g.co,410-969-6663,01,96857
398,Rania,McVity,rmcvityb1@shutterfly.com,130-932-0246,07,115188
399,Nicolina,Lindenberg,nlindenbergb2@amazon.de,448-305-2673,01,107666
400,Coreen,Yellep,cyellepb3@hibu.com,947-575-8567,01,79980
401,Zachary,Ferriby,zferribyb4@mtv.com,253-946-2509,02,43472
402,Mortimer,Cash,mcashb5@trellian.com,206-895-2744,01,58220
403,Derward,Sholem,dsholemb6@istockphoto.com,520-131-1561,05,145973
404,Otho,Barstow,obarstowb7@auda.org.au,599-945-5731,02,47094
405,Burnard,Adnet,badnetb8@mashable.com,733-118-8434,04,141244
406,Budd,Bastick,bbastickb9@zimbio.com,433-221-3800,02,123329
407,Gwyneth,Phlipon,gphliponba@trellian.com,761-953-4285,02,86627
408,Cirstoforo,Siene,csienebb@i2i.jp,250-130-3863,05,43918
409,Cymbre,Bothie,cbothiebc@last.fm,658-637-2231,02,38835
410,Betsey,Nehlsen,bnehlsenbd@e-recht24.de,327-289-4092,05,142220
411,Blayne,Spohrmann,bspohrmannbe@ehow.com,764-567-3315,04,107461
412,Ardenia,Utteridge,autteridgebf@furl.net,472-840-7635,01,94428
413,Freddy,Durrett,fdurrettbg@godaddy.com,677-875-3965,06,70754
414,Gayel,Ible,giblebh@blogger.com,166-289-3564,02,82742
415,Jeffry,Sanbroke,jsanbrokebi@blogs.com,347-765-4432,05,51886
416,Davin,Heelis,dheelisbj@apache.org,912-519-6678,04,60968
417,Billy,Gabits,bgabitsbk@sbwire.com,331-325-5695,07,119135
418,Hadley,Fraschini,hfraschinibl@home.pl,761-610-0815,03,54550
419,Lorens,Really,lreallybm@businessinsider.com,221-457-2309,07,147986
420,Salomon,Sulman,ssulmanbn@chron.com,144-358-7580,02,128839
421,Chick,MacCosto,cmaccostobo@163.com,764-286-6664,02,121381
422,Lillis,Haskett,lhaskettbp@gizmodo.com,711-945-5160,05,33650
423,Luise,Mantz,lmantzbq@cbc.ca,290-449-0296,05,129461
424,Kirbee,Gilfether,kgilfetherbr@xing.com,574-493-4329,06,140794
425,Claus,Rosenbusch,crosenbuschbs@earthlink.net,574-825-5676,02,124542
426,Grazia,Skayman,gskaymanbt@pinterest.com,581-183-0067,01,80522
427,Danie,Deveraux,ddeverauxbu@friendfeed.com,698-536-4518,03,63248
428,Lannie,Paternoster,lpaternosterbv@squarespace.com,250-198-7535,01,146136
429,Shirleen,Jaume,sjaumebw@washingtonpost.com,389-297-7580,02,77640
430,Jasun,Jaquin,jjaquinbx@adobe.com,222-702-1524,05,36914
431,Peadar,Skeels,pskeelsby@cbc.ca,233-359-4796,07,104524
432,Bourke,Craise,bcraisebz@i2i.jp,504-912-9996,07,117675
433,Bryna,Clunan,bclunanc0@jigsy.com,558-912-5632,06,38823
434,Philipa,Kilkenny,pkilkennyc1@geocities.com,955-686-0308,05,100666
435,Ernie,Djurdjevic,edjurdjevicc2@cbc.ca,342-669-6307,04,74944
436,Lannie,Fowden,lfowdenc3@yolasite.com,745-220-7689,02,140332
437,Ham,Felix,hfelixc4@auda.org.au,621-375-2115,01,103714
438,Jonah,Wellwood,jwellwoodc5@dailymotion.com,241-213-0273,01,117559
439,Thomasine,Tunbridge,ttunbridgec6@reuters.com,662-793-0627,04,110585
440,Francene,Hapke,fhapkec7@naver.com,343-618-8206,06,33308
441,Sascha,Pallasch,spallaschc8@wired.com,415-985-8602,06,66613
442,Claiborn,Shotboult,cshotboultc9@joomla.org,425-121-3051,03,94825
443,Aldin,Caught,acaughtca@sogou.com,260-359-9245,03,81555
444,Sacha,Kennelly,skennellycb@oracle.com,464-458-4370,05,86214
445,Arlie,Mauditt,amaudittcc@hhs.gov,393-746-0686,06,135066
446,Brianna,Cannon,bcannoncd@photobucket.com,910-724-1665,02,144178
447,Elmore,Lovewell,elovewellce@google.fr,545-696-7564,01,94416
448,Sarene,Hinckes,shinckescf@yandex.ru,452-694-4679,06,88610
449,Ebenezer,Oris,eoriscg@hostgator.com,837-303-6825,05,144041
450,Torrey,Braywood,tbraywoodch@dot.gov,212-196-6614,05,57806
451,Greggory,Hubbucks,ghubbucksci@state.tx.us,689-343-1251,01,125457
452,Herby,Wickey,hwickeycj@wsj.com,136-485-8543,05,89061
453,Amalea,Brayne,abrayneck@twitpic.com,449-638-2154,04,97958
454,Rosemarie,Longridge,rlongridgecl@va.gov,487-302-0863,03,103264
455,Riccardo,Duester,rduestercm@xrea.com,974-602-5932,01,41677
456,Joscelin,Coultass,jcoultasscn@1und1.de,879-388-1840,05,53174
457,Luther,Standell,lstandellco@gnu.org,383-324-3268,04,132692
458,Keelia,Mohammed,kmohammedcp@discuz.net,315-973-6521,06,100607
459,Amalie,MacGeffen,amacgeffencq@wunderground.com,252-686-1581,05,38753
460,Jaquelyn,Barstowk,jbarstowkcr@toplist.cz,941-940-0896,01,110558
461,Ardath,Stops,astopscs@examiner.com,502-208-8027,07,37521
462,Odelinda,McGerraghty,omcgerraghtyct@mashable.com,437-119-1114,03,136678
463,Barnabas,McComb,bmccombcu@mapquest.com,860-256-5517,04,93226
464,Zerk,Robley,zrobleycv@guardian.co.uk,709-431-6872,06,107255
465,Letizia,Attenborough,lattenboroughcw@senate.gov,762-883-7129,07,144540
466,Valry,De la Yglesias,vdelayglesiascx@qq.com,737-843-1601,02,82231
467,Karia,Dilliston,kdillistoncy@nydailynews.com,873-981-2859,02,84169
468,Diandra,Shout,dshoutcz@goo.ne.jp,961-669-0933,04,141015
469,Flem,Coker,fcokerd0@cbsnews.com,217-405-1233,04,149238
470,Mandy,Ballingal,mballingald1@t-online.de,680-724-4799,05,104269
471,Brice,Rickerd,brickerdd2@epa.gov,466-891-9578,02,111471
472,Ronnie,Backes,rbackesd3@xrea.com,620-513-3742,03,43920
473,Erinn,O'Looney,eolooneyd4@skyrock.com,465-592-9061,04,53977
474,Salli,Chesswas,schesswasd5@baidu.com,398-313-7729,03,52955
475,Alane,McQuirk,amcquirkd6@theguardian.com,316-227-0570,05,133601
476,Beverlie,Bourrel,bbourreld7@blogspot.com,675-857-5638,06,55714
477,Zondra,Vasyaev,zvasyaevd8@paginegialle.it,175-422-2026,03,54448
478,Gaile,Tarpey,gtarpeyd9@uol.com.br,999-882-5646,06,50920
479,Hy,Beedon,hbeedonda@spiegel.de,766-399-7335,07,137704
480,Sullivan,Scutt,sscuttdb@nytimes.com,889-901-7641,04,72230
481,Rikki,Dimberline,rdimberlinedc@constantcontact.com,311-560-9104,01,37642
482,Marion,Ahrendsen,mahrendsendd@blogs.com,527-202-0095,05,73091
483,Marilee,Conkay,mconkayde@yahoo.co.jp,277-557-5182,02,148702
484,Myles,Collip,mcollipdf@photobucket.com,801-198-1290,02,86738
485,Emylee,Kneafsey,ekneafseydg@hubpages.com,294-670-0790,07,124157
486,Symon,Ivens,sivensdh@ihg.com,717-440-9804,01,54800
487,Helena,McAuley,hmcauleydi@cpanel.net,631-624-4323,02,72648
488,Karita,Legion,klegiondj@howstuffworks.com,901-517-8398,03,102282
489,Gretna,Bromige,gbromigedk@taobao.com,683-663-2825,05,56279
490,Gloriana,Gillani,ggillanidl@360.cn,411-174-0296,01,60583
491,Meggy,Branch,mbranchdm@arizona.edu,600-916-4675,04,134866
492,Carin,Riche,crichedn@squidoo.com,730-584-4383,06,111287
493,Terencio,Cantillion,tcantilliondo@smh.com.au,650-762-3338,03,116630
494,Ilyse,Macguire,imacguiredp@liveinternet.ru,627-890-9652,06,45716
495,Willow,Guillart,wguillartdq@washington.edu,545-820-7962,04,58424
496,Lindy,Heake,lheakedr@trellian.com,703-384-6297,03,130475
497,Rhoda,Witherspoon,rwitherspoonds@google.pl,196-123-5491,07,132233
498,Hailee,Zincke,hzinckedt@gravatar.com,983-981-7701,05,36011
499,Schuyler,Drewe,sdrewedu@posterous.com,263-287-9076,01,84893
500,Robinette,Neilands,rneilandsdv@aboutads.info,339-893-5967,01,126202
501,Bengt,Gabits,bgabitsdw@yale.edu,360-745-3141,07,147953
502,Latrena,Dack,ldackdx@fotki.com,618-851-4582,03,65261
503,Sherilyn,Derrington,sderringtondy@sfgate.com,443-348-7246,03,132008
504,Ursula,Richarson,uricharsondz@yolasite.com,431-394-7509,05,127288
505,Eugine,Summerlad,esummerlade0@squarespace.com,668-729-1311,03,115548
506,Auberon,Dowrey,adowreye1@skype.com,766-894-8763,05,145687
507,Rabbi,Mulhall,rmulhalle2@yahoo.com,621-540-3328,03,32729
508,Catina,MacKartan,cmackartane3@foxnews.com,394-300-0688,07,78279
509,Riki,St. Hill,rsthille4@nih.gov,758-378-2253,06,41784
510,Cirilo,Dennes,cdennese5@uol.com.br,483-448-0640,07,59217
511,Jayme,Adshede,jadshedee6@furl.net,411-582-2977,05,124652
512,Hillyer,Poyner,hpoynere7@boston.com,129-333-5884,07,103729
513,Alf,Kerner,akernere8@bravesites.com,878-172-1887,05,87868
514,Kamila,Wood,kwoode9@soup.io,935-598-0341,04,128901
515,Linell,Langeren,llangerenea@parallels.com,466-130-7743,04,140870
516,Dorice,O'Sculley,dosculleyeb@netlog.com,857-997-9165,05,140833
517,Justinn,Broadberrie,jbroadberrieec@umich.edu,656-376-2766,02,44407
518,Shep,Terbeck,sterbecked@163.com,350-392-8055,06,70810
519,Charin,Sellens,csellensee@slashdot.org,438-428-0819,01,80918
520,Isaac,Fagg,ifaggef@xing.com,407-881-4508,05,112060
521,Horatia,Minter,hmintereg@soundcloud.com,853-193-7392,07,68742
522,Manuel,Kordas,mkordaseh@mlb.com,574-514-8309,07,46361
523,Mary,Bonallack,mbonallackei@symantec.com,167-651-7377,06,78835
524,Grange,Clayill,gclayillej@fastcompany.com,504-710-5984,01,146211
525,Conrado,Siret,csiretek@photobucket.com,952-114-1653,01,110994
526,Halsy,Potkin,hpotkinel@hhs.gov,348-245-9952,04,138440
527,Kris,Seson,ksesonem@bravesites.com,832-923-8015,04,113981
528,Torre,Druce,tdruceen@fema.gov,205-622-7137,07,67077
529,Carlynne,Crosham,ccroshameo@blogs.com,147-928-4917,02,149592
530,Worden,Longstaffe,wlongstaffeep@bandcamp.com,230-223-7753,06,54354
531,Broddy,Bennough,bbennougheq@google.ru,381-810-2591,05,113344
532,Reuben,Waldera,rwalderaer@ebay.com,124-511-3359,04,122256
533,Hiram,Dewhurst,hdewhurstes@skyrock.com,584-290-5332,01,64759
534,Ruthy,Battany,rbattanyet@cloudflare.com,122-436-1265,04,61445
535,Jarad,Boddice,jboddiceeu@multiply.com,880-923-6673,03,125735
536,Herta,Cesconi,hcesconiev@mit.edu,739-119-0728,07,35883
537,Arri,Coenraets,acoenraetsew@marketwatch.com,362-493-6712,07,35203
538,Nahum,McGrudder,nmcgrudderex@mit.edu,701-282-2552,01,39034
539,Flossy,Chazier,fchazierey@theatlantic.com,423-791-5452,04,125521
540,Kirsten,Filimore,kfilimoreez@zimbio.com,307-777-6421,04,69832
541,Gian,Sazio,gsaziof0@odnoklassniki.ru,732-602-6817,01,135726
542,Hebert,Gorsse,hgorssef1@blogger.com,398-295-0513,04,60410
543,Lance,Janton,ljantonf2@bloglines.com,835-828-1236,01,74832
544,Brendin,Stollman,bstollmanf3@chron.com,292-878-6149,04,146782
545,Celinka,Damiata,cdamiataf4@freewebs.com,806-271-9670,06,131007
546,Coretta,Burman,cburmanf5@behance.net,330-436-6448,06,138342
547,Deva,Phipson,dphipsonf6@hp.com,388-303-7758,07,101372
548,Toddy,Pavey,tpaveyf7@mozilla.com,752-746-5613,07,49009
549,Marje,Brough,mbroughf8@yahoo.com,165-305-8370,03,111364
550,Deeanne,Mabbs,dmabbsf9@printfriendly.com,494-217-6986,07,78462
551,Sebastiano,Conboy,sconboyfa@ustream.tv,434-568-6776,07,112411
552,Griffy,Hort,ghortfb@shutterfly.com,941-803-2067,06,84134
553,Gabi,Leroux,glerouxfc@google.com.au,119-511-1409,07,74875
554,Reginauld,Culshaw,rculshawfd@digg.com,800-724-9433,04,67406
555,Trude,Stenet,tstenetfe@amazon.de,348-314-6489,07,145274
556,Dionisio,Hargitt,dhargittff@washingtonpost.com,154-283-3518,02,106503
557,Alix,Kareman,akaremanfg@google.it,454-673-8084,01,115789
558,Nonna,Edsall,nedsallfh@nymag.com,462-461-5345,04,81216
559,Terri,Tonner,ttonnerfi@cmu.edu,943-143-5728,01,138873
560,Ravi,Corro,rcorrofj@nps.gov,400-778-9509,07,136088
561,Del,Dispencer,ddispencerfk@163.com,186-369-1694,06,92776
562,Brinna,Unworth,bunworthfl@wunderground.com,864-445-4580,07,146072
563,Jammie,Harry,jharryfm@pcworld.com,882-537-0334,07,53057
564,Isaak,Blaze,iblazefn@craigslist.org,601-895-0627,02,61360
565,Natale,Hurton,nhurtonfo@nytimes.com,951-100-1900,05,73702
566,Amery,Cockhill,acockhillfp@ning.com,411-221-6611,05,103026
567,Briant,Boldecke,bboldeckefq@mozilla.org,485-167-1394,01,104448
568,Latashia,Reame,lreamefr@cnn.com,188-137-8774,04,115911
569,Bart,Lyon,blyonfs@photobucket.com,338-315-2632,01,123328
570,Kerrie,Matissoff,kmatissoffft@mysql.com,539-587-2456,07,34313
571,Elia,Ferenczy,eferenczyfu@discuz.net,602-661-0562,04,135533
572,Othello,Allderidge,oallderidgefv@google.pl,755-453-4879,03,47203
573,Kyrstin,Spratt,ksprattfw@sciencedaily.com,712-177-2498,04,127609
574,Arin,Lindro,alindrofx@examiner.com,973-260-8722,03,50714
575,Rora,Kyme,rkymefy@microsoft.com,288-632-7368,06,95069
576,Maddy,Sandford,msandfordfz@privacy.gov.au,289-515-0821,03,115346
577,Read,Harmon,rharmong0@goo.ne.jp,674-255-8027,05,131757
578,Garik,Itzhak,gitzhakg1@addtoany.com,519-213-6861,01,112166
579,Pansie,Butland,pbutlandg2@admin.ch,565-575-8887,04,142121
580,Alvera,Dicte,adicteg3@toplist.cz,381-404-4754,04,110972
581,Lion,Fer,lferg4@joomla.org,553-913-3675,01,122997
582,Darrin,Bassham,dbasshamg5@usgs.gov,219-542-6822,03,125528
583,Scarface,McGaughey,smcgaugheyg6@princeton.edu,558-543-9260,06,74056
584,Rubie,Thomasset,rthomassetg7@yahoo.com,172-565-9267,04,117389
585,Alvie,Bromwich,abromwichg8@about.com,282-251-1588,01,140333
586,Susi,Childs,schildsg9@webnode.com,784-367-6435,07,129022
587,Kevon,Heikkinen,kheikkinenga@redcross.org,430-567-1678,02,137115
588,Bethanne,Clouter,bcloutergb@nydailynews.com,897-901-9728,03,38195
589,Mabelle,Benedicte,mbenedictegc@shutterfly.com,705-994-6889,05,50430
590,Ruprecht,Huebner,rhuebnergd@intel.com,721-581-0375,06,138922
591,Rosemaria,Conklin,rconklinge@tamu.edu,634-223-1867,02,33074
592,Lane,Figurski,lfigurskigf@google.pl,842-164-8054,05,114309
593,Raphael,Bairstow,rbairstowgg@un.org,110-275-3455,07,126267
594,Carmine,Gibling,cgiblinggh@blogspot.com,696-759-9367,07,96162
595,Winonah,Gallemore,wgallemoregi@so-net.ne.jp,184-604-4977,04,30077
596,Rori,Goodright,rgoodrightgj@google.com.br,780-392-6715,06,70954
597,Gisele,O'Heyne,goheynegk@gmpg.org,999-119-5886,01,31781
598,Arabel,Shovelin,ashovelingl@nydailynews.com,997-695-0951,07,81594
599,Deidre,Sallarie,dsallariegm@delicious.com,377-491-1896,02,75417
600,Anna-diana,Leathers,aleathersgn@shutterfly.com,932-660-7688,03,146482
601,Grenville,Monroe,gmonroego@oracle.com,633-239-9062,07,106671
602,Shel,Hailwood,shailwoodgp@wikia.com,633-925-6855,01,30941
603,Hiram,Whotton,hwhottongq@dedecms.com,230-430-4198,01,51308
604,Sherlock,Covendon,scovendongr@youtube.com,157-487-3172,05,120926
605,Byrle,Broske,bbroskegs@ustream.tv,923-973-8051,04,80522
606,Shane,Kellar,skellargt@adobe.com,525-621-2525,06,135345
607,Desmond,Squire,dsquiregu@google.com,415-469-1090,07,141527
608,Buffy,Erskin,berskingv@ucoz.com,530-430-4945,05,88494
609,Arley,Antushev,aantushevgw@wp.com,526-639-7511,07,78783
610,Nobe,Ewbank,newbankgx@trellian.com,762-580-4164,05,145184
611,Dorolice,Crum,dcrumgy@pinterest.com,107-382-4091,06,96208
612,Haily,Ballay,hballaygz@guardian.co.uk,914-497-2465,04,92455
613,Demetre,Brydone,dbrydoneh0@godaddy.com,115-875-4960,07,104625
614,Werner,Dovington,wdovingtonh1@csmonitor.com,510-357-4508,06,65455
615,Cobb,Kisbee,ckisbeeh2@opera.com,898-142-9998,05,51935
616,Coreen,Orthmann,corthmannh3@cdc.gov,238-513-9636,06,42998
617,Sabrina,Schwander,sschwanderh4@vimeo.com,131-859-0445,06,92165
618,Lynna,Mateescu,lmateescuh5@ocn.ne.jp,911-964-1716,06,37184
619,Stacee,Iglesias,siglesiash6@cocolog-nifty.com,654-209-1805,06,131151
620,Justine,Moscrop,jmoscroph7@wsj.com,637-441-3557,05,145570
621,Guglielma,Oakenfull,goakenfullh8@cdbaby.com,227-798-8749,01,68189
622,Brand,Kerry,bkerryh9@virginia.edu,565-115-2345,05,137041
623,Burch,Pautot,bpautotha@biglobe.ne.jp,835-332-7075,04,137742
624,Isis,Smither,ismitherhb@bizjournals.com,606-756-4396,06,98652
625,Tiffi,Dannett,tdannetthc@techcrunch.com,657-936-7418,07,105876
626,Channa,Gjerde,cgjerdehd@exblog.jp,931-166-3642,02,77857
627,Leone,Prendiville,lprendivillehe@ycombinator.com,216-454-4495,07,107980
628,Flor,Tenbrug,ftenbrughf@freewebs.com,677-278-1926,06,112345
629,Kira,Vergine,kverginehg@blog.com,226-175-4001,06,86642
630,Coriss,Malthouse,cmalthousehh@yelp.com,822-327-0386,06,52306
631,Teresina,Matuska,tmatuskahi@fotki.com,483-249-5343,06,30871
632,Tandi,Doge,tdogehj@tripod.com,201-147-5641,05,99173
633,Lexis,Farrah,lfarrahhk@dailymail.co.uk,763-745-7192,07,138977
634,Vera,Prantoni,vprantonihl@youtu.be,943-689-0345,05,35603
635,Benedicto,Dislee,bdisleehm@t-online.de,911-777-8069,07,59123
636,Kaspar,Skaife,kskaifehn@guardian.co.uk,933-980-3901,05,40001
637,Blythe,Skeat,bskeatho@usgs.gov,748-892-3032,02,32631
638,Jerrie,Balden,jbaldenhp@slideshare.net,874-501-6045,01,50765
639,Pattin,Michelmore,pmichelmorehq@ted.com,168-484-0152,02,113510
640,Magda,Brougham,mbroughamhr@prnewswire.com,902-229-8806,02,87280
641,Viviene,Glasscoo,vglasscoohs@indiegogo.com,506-428-4129,02,69983
642,Talya,Filshin,tfilshinht@nytimes.com,449-689-0512,01,146057
643,Emmy,Tombs,etombshu@disqus.com,503-444-2471,01,88714
644,Mic,Beine,mbeinehv@trellian.com,153-407-8754,01,43570
645,Obidiah,Muffin,omuffinhw@senate.gov,999-186-6877,02,78311
646,Carson,Vooght,cvooghthx@over-blog.com,372-741-7664,05,84365
647,Georgetta,Ewing,gewinghy@cafepress.com,856-475-4397,07,122249
648,Wake,Dusey,wduseyhz@phoca.cz,613-781-0523,02,32411
649,Tommie,Wethers,twethersi0@dedecms.com,182-701-5359,06,81732
650,Karine,Yetman,kyetmani1@surveymonkey.com,905-506-8421,04,42947
651,Krystal,Crayk,kcrayki2@cmu.edu,641-685-9715,03,105123
652,Gertrude,Bassill,gbassilli3@biblegateway.com,491-465-9087,06,138776
653,Whit,Vasishchev,wvasishchevi4@issuu.com,287-318-7295,04,120280
654,Blair,Becken,bbeckeni5@ning.com,328-279-5175,06,110093
655,Eyde,Treharne,etreharnei6@cam.ac.uk,103-686-8682,02,47793
656,Flossie,Hearley,fhearleyi7@example.com,649-119-5615,05,98973
657,Kati,Gissop,kgissopi8@patch.com,793-540-4233,02,35927
658,Harwell,Georgi,hgeorgii9@naver.com,629-878-7416,04,30338
659,Ange,Turfrey,aturfreyia@theglobeandmail.com,895-920-4349,05,81842
660,Rochell,Skurray,rskurrayib@youtube.com,928-819-8469,02,87614
661,Farley,Grimwade,fgrimwadeic@umich.edu,274-799-6562,06,90171
662,Eduardo,Fearns,efearnsid@businessinsider.com,621-335-4243,07,128794
663,Celestina,Choupin,cchoupinie@google.ru,370-910-1597,07,44305
664,Hanna,Heinsh,hheinshif@homestead.com,446-172-0676,04,146322
665,Lena,Marchelli,lmarchelliig@google.ca,112-386-4082,03,136335
666,Maegan,Cranke,mcrankeih@omniture.com,472-542-8680,03,51083
667,Adelaide,Haysom,ahaysomii@state.tx.us,472-468-7336,01,134150
668,Hope,Mc Caghan,hmccaghanij@lulu.com,726-954-5081,03,137920
669,Kiah,Gallaccio,kgallaccioik@cnbc.com,259-125-9743,04,109939
670,Lionello,Eltringham,leltringhamil@people.com.cn,452-161-8625,01,99239
671,Phoebe,Townrow,ptownrowim@forbes.com,913-115-8560,06,92030
672,Courtney,Rylands,crylandsin@oaic.gov.au,633-654-2205,04,134722
673,Sawyere,Martland,smartlandio@archive.org,465-482-6438,01,53790
674,Pammi,Finnemore,pfinnemoreip@vinaora.com,570-375-1651,02,86471
675,Dexter,Gisburne,dgisburneiq@ibm.com,212-246-8493,06,55939
676,Roddy,Gaynes,rgaynesir@uiuc.edu,738-244-3606,05,138320
677,Heath,Kleinholz,hkleinholzis@narod.ru,105-707-2687,04,74842
678,Henrieta,Kidner,hkidnerit@com.com,366-448-5105,01,104706
679,Haley,McMylor,hmcmyloriu@histats.com,949-944-4212,01,86488
680,Wendye,Taphouse,wtaphouseiv@alexa.com,865-244-0006,02,144434
681,Wakefield,Cullinan,wcullinaniw@cbc.ca,336-658-5600,06,54476
682,Wylma,Antcliffe,wantcliffeix@tmall.com,313-199-3806,05,33763
683,Louis,Garraway,lgarrawayiy@1und1.de,341-812-8709,07,147497
684,Chrotoem,Hartop,chartopiz@constantcontact.com,540-610-5757,06,118013
685,Dare,Rickeard,drickeardj0@forbes.com,672-681-3667,04,111402
686,Garwood,Hexam,ghexamj1@privacy.gov.au,991-550-8128,06,57308
687,Evangelin,Pieracci,epieraccij2@engadget.com,906-342-5648,04,105434
688,Nathanael,Livens,nlivensj3@eventbrite.com,785-441-7890,07,105390
689,Roseline,Doberer,rdobererj4@businesswire.com,676-501-2790,04,103772
690,Eustacia,Petran,epetranj5@fema.gov,505-513-7700,06,133366
691,Roxanne,Rearden,rreardenj6@abc.net.au,256-220-6680,03,32043
692,Sydney,Gilffilland,sgilffillandj7@tiny.cc,893-560-0820,01,98888
693,Cassandra,Conningham,cconninghamj8@netlog.com,602-366-8202,06,78156
694,Elias,Russon,erussonj9@addtoany.com,357-357-3559,04,140924
695,Dennie,Fraczek,dfraczekja@jimdo.com,349-685-6446,02,126690
696,Rosanna,Wale,rwalejb@is.gd,202-122-0155,07,48899
697,Crystie,Oxbrough,coxbroughjc@mozilla.org,534-146-0267,07,136889
698,Adolphe,Genner,agennerjd@behance.net,554-145-6417,04,93757
699,Annabela,Etherington,aetheringtonje@mozilla.com,153-983-2865,01,55071
700,Pamela,Bindin,pbindinjf@sbwire.com,233-300-9405,03,67342
701,Gaultiero,Gatsby,ggatsbyjg@walmart.com,113-498-8593,03,70654
702,Roma,Silby,rsilbyjh@ucoz.ru,340-657-1094,04,102760
703,Mellie,Cammidge,mcammidgeji@ftc.gov,221-172-6118,05,80992
704,Ursula,Berrick,uberrickjj@yellowbook.com,754-181-5864,03,112858
705,Giulia,Salliere,gsallierejk@google.ru,524-258-4217,06,49103
706,Chane,Ballintyne,cballintynejl@thetimes.co.uk,290-553-6376,04,72467
707,Stephani,Milmo,smilmojm@myspace.com,627-733-6016,02,99520
708,Chilton,Vennard,cvennardjn@ovh.net,493-872-8604,06,128477
709,Mohandas,Bickle,mbicklejo@reddit.com,770-552-3154,05,57928
710,Jedidiah,O'Growgane,jogrowganejp@unblog.fr,696-934-9493,05,31475
711,Salem,Lapthorn,slapthornjq@tripadvisor.com,836-348-8851,03,99712
712,Jenna,Dumbrell,jdumbrelljr@liveinternet.ru,394-434-0980,01,69176
713,Maureen,Lesaunier,mlesaunierjs@accuweather.com,309-804-1358,05,68464
714,Markus,Silley,msilleyjt@infoseek.co.jp,299-428-4650,07,47830
715,Heddi,Towe,htoweju@desdev.cn,498-336-5027,05,51759
716,Baillie,Ballister,bballisterjv@yellowpages.com,782-240-0449,02,89893
717,Prentiss,Illingsworth,pillingsworthjw@jigsy.com,706-865-4322,01,126230
718,Carlotta,Seggie,cseggiejx@pcworld.com,467-772-1788,05,70457
719,Clari,Tailby,ctailbyjy@hibu.com,184-856-9542,07,40586
720,Giraud,Fardell,gfardelljz@so-net.ne.jp,778-418-9396,03,110185
721,Boy,Lansley,blansleyk0@prweb.com,355-815-3631,04,128215
722,Claire,Okeshott,cokeshottk1@illinois.edu,684-564-3765,05,121676
723,Onfre,Berryann,oberryannk2@google.cn,423-732-9474,02,45208
724,Malva,Fieldstone,mfieldstonek3@nytimes.com,234-519-4646,01,106856
725,Yance,Biaggelli,ybiaggellik4@fastcompany.com,861-106-2093,01,136725
726,Daile,Longson,dlongsonk5@ezinearticles.com,785-825-2136,07,77531
727,Danyette,Carmen,dcarmenk6@istockphoto.com,719-701-8420,07,41347
728,Karil,Vivyan,kvivyank7@oaic.gov.au,130-374-0678,03,73872
729,Brodie,Henzley,bhenzleyk8@histats.com,259-793-4390,02,121951
730,Rufe,Hunston,rhunstonk9@altervista.org,589-917-2692,04,60601
731,Idette,Clemmitt,iclemmittka@shop-pro.jp,227-429-9885,01,88787
732,Reta,Highnam,rhighnamkb@theguardian.com,495-683-6510,03,132630
733,Arielle,Covely,acovelykc@elegantthemes.com,544-662-3740,01,57769
734,Nicolis,Hartus,nhartuskd@cyberchimps.com,341-565-4206,06,34533
735,Ortensia,Janek,ojanekke@w3.org,880-371-6920,05,92594
736,Jandy,Callway,jcallwaykf@bandcamp.com,121-110-5348,02,33072
737,Jessee,Wolfindale,jwolfindalekg@businesswire.com,585-493-7188,03,112947
738,Reeta,Reynolds,rreynoldskh@cam.ac.uk,303-716-2669,03,103062
739,Conant,Ostrich,costrichki@facebook.com,515-218-0348,01,32736
740,Van,Alwin,valwinkj@hc360.com,615-393-9893,01,61061
741,Pepillo,Pingstone,ppingstonekk@elpais.com,374-802-4109,05,148720
742,Janith,Bridgen,jbridgenkl@issuu.com,636-822-5933,03,111031
743,Cindra,Sedgman,csedgmankm@so-net.ne.jp,787-748-2229,06,127440
744,Faulkner,Nixon,fnixonkn@csmonitor.com,449-907-2606,06,92573
745,Vincenty,Greenroa,vgreenroako@ow.ly,340-528-4185,06,64227
746,Teodor,Haymes,thaymeskp@wp.com,845-336-0538,06,58754
747,Koenraad,Bullerwell,kbullerwellkq@cyberchimps.com,134-150-3440,05,77062
748,Marney,Mulrooney,mmulrooneykr@discovery.com,876-734-6773,04,80763
749,Shurlock,Nehlsen,snehlsenks@dailymail.co.uk,911-967-9541,05,37801
750,Rosaleen,Cantor,rcantorkt@myspace.com,241-755-0259,06,38786
751,Rip,Herculson,rherculsonku@booking.com,313-990-2077,05,135057
752,Ellery,Arnell,earnellkv@techcrunch.com,764-107-3723,02,69483
753,Garwin,Bear,gbearkw@wp.com,938-289-7778,04,104917
754,Denyse,Rizzelli,drizzellikx@deviantart.com,318-862-2395,01,139667
755,Waring,Waldocke,wwaldockeky@delicious.com,267-622-8755,05,125289
756,Dylan,Laxson,dlaxsonkz@imageshack.us,555-756-7512,04,58523
757,Sheff,Bogies,sbogiesl0@hao123.com,512-784-8926,03,142494
758,Ellery,McRitchie,emcritchiel1@feedburner.com,204-357-5679,07,74939
759,Claudelle,Rylatt,crylattl2@guardian.co.uk,411-527-0617,07,116620
760,Tersina,Tibbetts,ttibbettsl3@adobe.com,906-397-3575,05,96970
761,Livia,Nuemann,lnuemannl4@mapy.cz,439-353-7954,06,46786
762,Matthew,O'Griffin,mogriffinl5@economist.com,175-338-5491,01,135778
763,Menard,Nesey,mneseyl6@mapy.cz,910-666-1736,02,40630
764,Nolana,Cunningham,ncunninghaml7@aol.com,323-399-4098,02,53201
765,Eirena,Saterthwait,esaterthwaitl8@globo.com,719-841-6970,05,130468
766,Ariadne,Hordle,ahordlel9@soundcloud.com,560-299-8130,01,93710
767,Suzie,Maybey,smaybeyla@biblegateway.com,690-424-4960,03,147680
768,Stanley,Fidgeon,sfidgeonlb@google.de,199-508-8321,02,135028
769,Emmalynne,Sherborn,esherbornlc@tamu.edu,314-433-8866,07,145131
770,Nichol,Deering,ndeeringld@ezinearticles.com,957-320-1495,04,66624
771,Damaris,Harnett,dharnettle@sun.com,267-893-9744,05,58877
772,Alonso,Asquez,aasquezlf@spiegel.de,776-248-3794,05,138347
773,Catherin,Gownge,cgowngelg@usgs.gov,437-906-5404,04,47264
774,Jessamine,Mungan,jmunganlh@gizmodo.com,981-223-3024,04,39502
775,Tucky,Courcey,tcourceyli@macromedia.com,375-280-7130,01,125557
776,Cyril,Whyley,cwhyleylj@chicagotribune.com,911-702-3755,02,92132
777,Laurie,Dat,ldatlk@wordpress.org,793-880-2227,04,75243
778,Jeramey,Leveridge,jleveridgell@oaic.gov.au,452-316-5784,07,128835
779,Robinet,Wingatt,rwingattlm@discovery.com,957-481-7349,02,111128
780,Adda,Holburn,aholburnln@prnewswire.com,349-227-9051,07,126497
781,Oswald,McGeouch,omcgeouchlo@fda.gov,816-166-5107,03,97004
782,Nonie,Van Der Walt,nvanderwaltlp@ucsd.edu,641-541-0198,06,101106
783,Isak,Muehle,imuehlelq@desdev.cn,207-305-3705,06,131742
784,Valenka,Gerrens,vgerrenslr@purevolume.com,162-554-2228,03,51350
785,Georgetta,Thackwray,gthackwrayls@newyorker.com,697-148-3924,04,123555
786,Verena,Aysik,vaysiklt@utexas.edu,239-780-7779,01,70776
787,Mayer,Jobke,mjobkelu@live.com,834-590-7932,06,66544
788,Bella,Renn,brennlv@behance.net,533-390-6361,06,137363
789,Selie,Screase,sscreaselw@mac.com,793-573-9688,05,86950
790,Clarance,Sisland,csislandlx@yelp.com,550-983-7618,07,125640
791,Casey,Knappitt,cknappittly@meetup.com,106-523-3017,06,131723
792,Agosto,Mardling,amardlinglz@jalbum.net,978-133-6728,02,99559
793,Nikki,Rooksby,nrooksbym0@github.com,661-328-9272,05,149589
794,Milton,Stolte,mstoltem1@bloomberg.com,445-881-7131,02,93242
795,Stefan,Gellert,sgellertm2@gnu.org,154-464-5577,05,63458
796,Ibbie,Wynn,iwynnm3@people.com.cn,307-652-6783,06,72953
797,Crissie,Samuel,csamuelm4@wikia.com,317-666-7613,01,56950
798,Dorette,Raund,draundm5@npr.org,168-157-7610,05,62790
799,Amelita,Dufaur,adufaurm6@ibm.com,772-152-2087,01,108843
800,Jedidiah,Arrington,jarringtonm7@kickstarter.com,299-741-5463,02,76134
801,Adelice,Ferrers,aferrersm8@naver.com,986-998-2357,01,127464
802,Farrand,Fidge,ffidgem9@elpais.com,863-443-2444,05,52872
803,Martainn,MacNucator,mmacnucatorma@hp.com,438-293-4275,03,129138
804,Mame,Palphreyman,mpalphreymanmb@photobucket.com,583-651-0268,01,121963
805,Blakeley,Mehew,bmehewmc@nifty.com,507-853-6044,05,32531
806,Toma,Quince,tquincemd@dion.ne.jp,778-311-1340,04,122193
807,Rochelle,Hambly,rhamblyme@twitpic.com,261-860-2118,04,147931
808,Corrie,Rennebeck,crennebeckmf@omniture.com,917-163-1655,06,32849
809,Jude,Croom,jcroommg@domainmarket.com,507-198-8793,02,79490
810,Trever,Follacaro,tfollacaromh@xinhuanet.com,746-554-5514,01,35239
811,Lefty,Minucci,lminuccimi@miibeian.gov.cn,559-822-0278,03,71567
812,Ingamar,O'Lennachain,iolennachainmj@wikia.com,832-138-9680,01,115179
813,Remy,Ramelet,rrameletmk@moonfruit.com,139-584-6403,03,58160
814,Teddi,Keats,tkeatsml@google.de,152-394-5984,02,50565
815,Philippine,Shaxby,pshaxbymm@furl.net,984-233-5297,03,65491
816,Jeanna,Macer,jmacermn@dell.com,991-348-0108,01,46475
817,Adelaide,Royden,aroydenmo@hhs.gov,694-275-1496,01,87280
818,Wayland,Ambroz,wambrozmp@mozilla.com,480-849-9901,04,142907
819,Georgeanna,Tourot,gtourotmq@wix.com,651-681-7194,03,104774
820,Agata,Rackham,arackhammr@51.la,968-809-7586,04,56002
821,Maximilien,Flecknoe,mflecknoems@harvard.edu,770-916-3561,05,54605
822,Wainwright,Somner,wsomnermt@hatena.ne.jp,729-808-4996,03,41227
823,Brod,Kornousek,bkornousekmu@jugem.jp,757-109-5342,04,76730
824,Roseann,McConnulty,rmcconnultymv@homestead.com,127-680-1790,05,135343
825,Abbye,Aliman,aalimanmw@washington.edu,701-377-9532,05,59580
826,Val,Liddel,vliddelmx@bbc.co.uk,933-626-3886,06,128901
827,Claudine,Mattioni,cmattionimy@github.io,127-197-0070,03,78618
828,Dominick,Presley,dpresleymz@nydailynews.com,682-254-3387,06,92991
829,Danyette,Lukianov,dlukianovn0@kickstarter.com,835-444-0570,04,91389
830,Ynez,Learned,ylearnedn1@wordpress.com,501-157-2005,04,113150
831,Oriana,Kunert,okunertn2@t-online.de,165-481-9653,07,35072
832,Georgianna,Sweetzer,gsweetzern3@gizmodo.com,713-570-6615,04,33181
833,Chris,Harflete,charfleten4@marriott.com,834-465-4284,02,116309
834,Willabella,Sibyllina,wsibyllinan5@printfriendly.com,188-809-3725,03,70914
835,Carter,Sloley,csloleyn6@so-net.ne.jp,475-371-4928,04,126175
836,Chucho,Reinard,creinardn7@ebay.co.uk,507-701-0729,03,98695
837,Den,Chatband,dchatbandn8@europa.eu,651-361-6590,04,86500
838,Violette,Rostron,vrostronn9@cdbaby.com,214-510-5758,04,91533
839,Silvanus,Keoghan,skeoghanna@fema.gov,237-626-8705,01,148310
840,Suellen,O'Cannan,socannannb@ocn.ne.jp,112-116-6474,04,98149
841,Ulysses,Smee,usmeenc@squidoo.com,219-749-9225,03,80251
842,Binni,Parlott,bparlottnd@ovh.net,287-613-9832,01,41558
843,Wendi,Hassett,whassettne@newyorker.com,297-333-3299,02,82234
844,Kayle,Frowing,kfrowingnf@wp.com,979-862-6987,06,118774
845,Silvano,Barthelet,sbartheletng@unesco.org,484-762-2855,05,124642
846,Lenna,Blewis,lblewisnh@ucoz.ru,376-200-4865,07,128901
847,Salem,Cheesman,scheesmanni@elegantthemes.com,209-763-0562,01,146313
848,Alyce,Fosse,afossenj@columbia.edu,728-356-8793,04,97964
849,Penelopa,Krishtopaittis,pkrishtopaittisnk@globo.com,580-815-4556,05,56858
850,Lowell,Beatey,lbeateynl@taobao.com,876-117-6259,01,90207
851,Richard,Devenish,rdevenishnm@msu.edu,979-194-1801,07,63812
852,Nomi,Romanin,nromaninnn@desdev.cn,789-218-6830,05,139260
853,Dianna,Casali,dcasalino@usgs.gov,626-784-5624,01,54547
854,Xena,Honatsch,xhonatschnp@nyu.edu,595-860-9410,01,143806
855,Em,Gartshore,egartshorenq@wunderground.com,931-352-7708,04,36916
856,Anthiathia,Yerson,ayersonnr@hexun.com,690-525-8965,04,139846
857,Tiler,Duck,tduckns@seattletimes.com,887-299-7420,06,105255
858,Cloe,Teresi,cteresint@biblegateway.com,808-256-2621,02,66477
859,Creighton,Whatham,cwhathamnu@trellian.com,816-955-8423,01,67023
860,Raynor,O'Heffernan,roheffernannv@addthis.com,473-771-0090,01,64504
861,Malory,Patient,mpatientnw@csmonitor.com,971-772-5782,05,116798
862,Evita,Swift,eswiftnx@theguardian.com,696-905-5871,03,82119
863,Antonia,Jerdan,ajerdanny@ft.com,370-194-1388,05,95144
864,Aubry,Oglesbee,aoglesbeenz@trellian.com,406-350-4274,01,145006
865,Robyn,Yitzowitz,ryitzowitzo0@scientificamerican.com,364-195-8653,06,143796
866,Caressa,Hourigan,chourigano1@google.fr,286-776-0900,07,68606
867,Verne,Leere,vleereo2@ifeng.com,563-457-1741,03,110953
868,Aymer,Doddemeade,adoddemeadeo3@pinterest.com,346-796-4087,01,42382
869,Sibbie,Umbert,sumberto4@deliciousdays.com,213-981-5017,06,59534
870,Mirabella,Brown,mbrowno5@illinois.edu,246-570-9583,01,137656
871,Darline,Prozescky,dprozesckyo6@weather.com,794-994-8920,07,94307
872,Dorey,Batterson,dbattersono7@gravatar.com,716-783-7050,07,52475
873,Riobard,Waterfall,rwaterfallo8@moonfruit.com,501-354-6341,02,77654
874,Alasteir,Ravenscraft,aravenscrafto9@prweb.com,772-126-1992,01,139070
875,Trumaine,Scarre,tscarreoa@alexa.com,371-974-0219,03,132561
876,Lindy,Rief,lriefob@aol.com,732-285-6244,06,81611
877,Allys,Livard,alivardoc@upenn.edu,345-742-0448,01,46044
878,Bernetta,Rawls,brawlsod@google.com.hk,569-443-8055,07,79352
879,Isidoro,Amiss,iamissoe@techcrunch.com,600-741-1889,05,106678
880,Guglielma,Sidle,gsidleof@utexas.edu,996-803-5445,07,126013
881,Edmund,Iacovone,eiacovoneog@dailymotion.com,588-369-1545,03,37912
882,Juli,Daltry,jdaltryoh@alexa.com,161-558-5387,01,41785
883,Aretha,Chapier,achapieroi@senate.gov,982-775-7466,02,94077
884,Fax,MacGinley,fmacginleyoj@ca.gov,491-859-4926,02,148070
885,Wilbur,Stonuary,wstonuaryok@salon.com,711-125-5946,07,49904
886,Natalina,Pawnsford,npawnsfordol@tamu.edu,877-890-8645,07,43226
887,Harv,Saint,hsaintom@hugedomains.com,718-254-5999,02,115347
888,Ofella,Crockatt,ocrockatton@dyndns.org,477-943-1085,06,34278
889,Leila,Hughes,lhughesoo@ask.com,197-472-5089,03,109802
890,Dari,Ofield,dofieldop@sogou.com,134-353-8269,01,137462
891,Dollie,Cardenas,dcardenasoq@drupal.org,657-580-2076,02,86393
892,Marmaduke,Sherborne,msherborneor@joomla.org,549-496-5622,02,116652
893,Vanda,Kane,vkaneos@vistaprint.com,173-362-8986,03,143979
894,Garey,Woolvin,gwoolvinot@mapquest.com,464-331-3318,04,146623
895,Noah,Featherbie,nfeatherbieou@time.com,500-467-4527,04,75279
896,Trstram,Spaxman,tspaxmanov@wikispaces.com,781-862-3108,05,129005
897,Waneta,Meo,wmeoow@disqus.com,955-797-5809,05,99245
898,Edita,Cattrall,ecattrallox@yahoo.com,380-238-3984,03,149240
899,Sinclare,Kirk,skirkoy@hubpages.com,156-742-4815,03,122182
900,Falkner,Digance,fdiganceoz@narod.ru,394-992-0167,06,71644
901,Lindy,Elsdon,lelsdonp0@ihg.com,246-911-5136,01,93900
902,Winn,Syddall,wsyddallp1@tiny.cc,509-659-2847,04,76001
903,Trixi,Snarie,tsnariep2@desdev.cn,857-821-3470,02,125305
904,Colas,Clarey,cclareyp3@etsy.com,626-749-9780,07,100457
905,Rici,Eastgate,reastgatep4@yahoo.com,690-414-4636,02,65084
906,Lucia,Humberstone,lhumberstonep5@taobao.com,217-110-5483,02,32387
907,Jeramey,Zanotti,jzanottip6@bravesites.com,454-752-4165,06,112865
908,Frieda,Ruffli,frufflip7@npr.org,253-842-4844,04,131978
909,Tomasina,Mashal,tmashalp8@nature.com,586-611-0535,02,132640
910,Nicko,Cline,nclinep9@shop-pro.jp,305-169-7948,04,124349
911,Alyosha,Eslinger,aeslingerpa@gnu.org,735-617-0926,07,142395
912,Aurel,Giorio,agioriopb@dagondesign.com,402-449-4216,01,49395
913,Earl,Lindstedt,elindstedtpc@xing.com,387-379-9365,07,45045
914,Chick,Forsdicke,cforsdickepd@hexun.com,938-256-4767,03,99947
915,Helenka,Fittall,hfittallpe@wikipedia.org,509-492-6760,01,90514
916,Bale,MacGillivray,bmacgillivraypf@time.com,650-864-8077,07,112619
917,Obed,Inchbald,oinchbaldpg@jugem.jp,831-608-6716,04,120672
918,Reamonn,Waterfall,rwaterfallph@lulu.com,875-429-7631,04,75871
919,Salomo,Kupper,skupperpi@flavors.me,860-903-7078,01,76856
920,Hendrika,Amar,hamarpj@google.fr,910-372-0406,07,67539
921,Gisela,Physick,gphysickpk@spotify.com,273-283-8529,04,135465
922,Celisse,Ackerley,cackerleypl@guardian.co.uk,894-643-6416,02,130191
923,Elena,Hurling,ehurlingpm@google.nl,765-131-6795,07,50454
924,Gillan,Jentet,gjentetpn@ted.com,431-992-2726,05,52271
925,Stirling,Jurgensen,sjurgensenpo@arstechnica.com,966-216-7965,02,40869
926,Kaylil,Isakowicz,kisakowiczpp@europa.eu,418-846-8923,04,45553
927,Fayre,Mordie,fmordiepq@mediafire.com,839-231-9577,07,60905
928,Collin,La Grange,clagrangepr@homestead.com,961-628-1050,04,92299
929,Shannan,Froggatt,sfroggattps@uol.com.br,683-425-6766,06,97325
930,Moyra,Bauckham,mbauckhampt@imdb.com,613-338-4752,01,63034
931,Worth,Hembry,whembrypu@constantcontact.com,129-847-5174,07,36798
932,Luciano,Lewin,llewinpv@angelfire.com,424-526-7869,01,45183
933,Reba,Worthing,rworthingpw@time.com,355-400-7566,05,144456
934,Pen,Fassman,pfassmanpx@webnode.com,717-771-3791,01,30849
935,Kathryne,Passingham,kpassinghampy@washingtonpost.com,332-941-8544,03,137143
936,Glenna,Trapp,gtrapppz@exblog.jp,949-122-4630,04,58395
937,Pippo,Tompkinson,ptompkinsonq0@indiegogo.com,612-160-5211,05,77318
938,Kurtis,Reisen,kreisenq1@skyrock.com,281-234-4201,05,42842
939,Corena,Mourge,cmourgeq2@yolasite.com,996-468-2955,06,82627
940,Laetitia,Gullis,lgullisq3@twitpic.com,419-510-9107,04,47270
941,Killy,Sollas,ksollasq4@unicef.org,232-995-1156,07,70872
942,Joachim,Cosely,jcoselyq5@sitemeter.com,346-761-1728,06,93291
943,Moina,Eadmeads,meadmeadsq6@zimbio.com,104-292-5931,04,81865
944,Mark,Roman,mromanq7@posterous.com,200-140-0673,05,120773
945,Aggy,Birden,abirdenq8@deliciousdays.com,694-517-2575,07,97370
946,Geoff,Bentote,gbentoteq9@facebook.com,778-225-0572,06,56003
947,Anatole,McKyrrelly,amckyrrellyqa@google.cn,816-374-9225,02,130699
948,Ronny,Steinson,rsteinsonqb@geocities.com,579-600-7854,02,131863
949,Yoshi,Cram,ycramqc@eventbrite.com,132-563-2932,05,147625
950,Vivian,Seckom,vseckomqd@shop-pro.jp,159-136-0248,07,147299
951,Man,Littlewood,mlittlewoodqe@myspace.com,619-843-3600,04,69510
952,Sela,Berndtsson,sberndtssonqf@bbb.org,448-780-5679,06,44341
953,Ursula,Salasar,usalasarqg@weebly.com,109-937-5641,01,110191
954,Zonnya,Meece,zmeeceqh@sfgate.com,106-683-2781,06,79721
955,Rafe,Crennell,rcrennellqi@usnews.com,573-837-3621,04,91084
956,Pollyanna,Prydden,ppryddenqj@jiathis.com,337-167-7692,01,84385
957,Nadine,Pitone,npitoneqk@google.it,186-980-3274,04,108558
958,Devonna,Trunks,dtrunksql@tinyurl.com,275-218-8052,01,115923
959,Griff,Habard,ghabardqm@scribd.com,885-677-6158,07,128018
960,Gerik,Langrish,glangrishqn@discuz.net,473-170-3133,06,123765
961,Ram,Evason,revasonqo@spotify.com,687-443-9047,02,102939
962,Cecilio,Fiander,cfianderqp@ifeng.com,773-835-6610,02,73260
963,Fayette,Cellone,fcelloneqq@newsvine.com,119-237-2440,01,35438
964,Adda,Muckart,amuckartqr@intel.com,737-372-9908,04,120241
965,Janella,Tabour,jtabourqs@redcross.org,653-260-7893,05,51868
966,Amos,Kyffin,akyffinqt@omniture.com,231-910-9431,02,109405
967,Porty,Rhydderch,prhydderchqu@house.gov,527-528-7457,02,100581
968,Humfrid,Goodrum,hgoodrumqv@moonfruit.com,515-353-1548,02,137923
969,Ferguson,Wetherburn,fwetherburnqw@walmart.com,653-816-4107,06,55792
970,Goldia,Cottingham,gcottinghamqx@studiopress.com,527-651-6829,03,93822
971,Ainsley,Dann,adannqy@opensource.org,232-744-0363,02,65479
972,Sarita,Pawlowicz,spawlowiczqz@1688.com,437-153-6482,03,113158
973,Tulley,Staziker,tstazikerr0@patch.com,237-470-0168,06,51165
974,Minni,Permain,mpermainr1@cnn.com,626-554-2658,04,40007
975,Chloe,Saile,csailer2@cpanel.net,738-907-3313,04,45634
976,Sukey,Kulicke,skulicker3@java.com,497-323-8994,07,39408
977,Margi,Austing,maustingr4@sun.com,316-432-4700,07,95986
978,Rachael,Gennrich,rgennrichr5@wikia.com,174-229-3444,04,144256
979,Claudell,Balham,cbalhamr6@cdbaby.com,381-103-4508,06,57156
980,Rebecka,McClaurie,rmcclaurier7@wordpress.org,855-438-5445,06,90873
981,Morley,Tidmarsh,mtidmarshr8@ibm.com,891-864-7273,06,32564
982,Gertrudis,Abrahamsohn,gabrahamsohnr9@google.it,601-385-2498,05,71320
983,Rora,Surgener,rsurgenerra@addthis.com,702-731-5962,05,143734
984,Caspar,McMichan,cmcmichanrb@techcrunch.com,836-981-0914,03,130589
985,Garland,Yakebowitch,gyakebowitchrc@squidoo.com,731-202-7152,04,100637
986,Peadar,Worgan,pworganrd@shareasale.com,642-831-6708,07,130626
987,Margy,Sharples,msharplesre@ycombinator.com,568-354-4164,07,120713
988,Chrysa,Graffham,cgraffhamrf@examiner.com,701-295-0455,01,30828
989,Faun,Laetham,flaethamrg@google.es,559-920-0774,04,39405
990,Cassaundra,Wolford,cwolfordrh@cafepress.com,873-115-0733,06,100994
991,Boyce,Crutchley,bcrutchleyri@samsung.com,867-476-4743,07,133541
992,Aurie,Neasham,aneashamrj@artisteer.com,638-427-0543,05,127438
993,Mano,Gommery,mgommeryrk@usgs.gov,786-234-1514,06,80573
994,Fletch,Snassell,fsnassellrl@google.fr,113-970-2479,06,66894
995,Cairistiona,Chatain,cchatainrm@smugmug.com,632-610-6529,01,147101
996,Cristal,Ewen,cewenrn@instagram.com,711-602-1326,03,79135
997,Humbert,Kilcullen,hkilcullenro@opensource.org,240-261-7000,05,114165
998,Hewett,Wyllie,hwyllierp@state.tx.us,318-531-4757,01,105626
999,Urbain,Sapson,usapsonrq@vk.com,970-566-6525,05,83574
1000,Rosy,Burner,rburnerrr@hao123.com,236-398-4783,05,137133
